{"cameraMode":{"drawMode":0,"name":"Shaded","section":"Shading Mode"},"sceneLighting":true,"audioPlay":false,"sceneViewState":{"m_AlwaysRefresh":false,"showFog":true,"showSkybox":true,"showFlares":true,"showImageEffects":true,"showParticleSystems":true,"showVisualEffectGraphs":true,"m_FxEnabled":true},"in2DMode":false,"pivot":{"x":0.2154455929994583,"y":2.4169344902038576,"z":-2.514876365661621},"rotation":{"x":-0.018306031823158265,"y":0.017092609778046609,"z":-0.0003129718534182757,"w":-0.9996892213821411},"size":4.5345683097839359,"orthographic":false}